timeStamp,elapsed,label,responseCode,responseMessage,threadName,dataType,success,failureMessage,bytes,sentBytes,grpThreads,allThreads,URL,Latency,IdleTime,Connect
1679645239026,1466,home_page,200,OK,Thread Group 1-4,text,true,,8200,114,7,7,https://flooded.io/,1459,0,850
1679645239010,1482,home_page,200,OK,Thread Group 1-3,text,true,,8200,114,7,7,https://flooded.io/,1478,0,900
1679645238246,2246,home_page,200,OK,Thread Group 1-1,text,true,,8200,114,7,7,https://flooded.io/,2239,0,1644
1679645239777,1380,home_page,200,OK,Thread Group 1-2,text,true,,8200,114,8,8,https://flooded.io/,1380,0,133
1679645241651,582,home_page,200,OK,Thread Group 1-2,text,true,,8200,114,9,9,https://flooded.io/,582,0,0
1679645242363,652,home_page,200,OK,Thread Group 1-1,text,true,,8200,114,11,11,https://flooded.io/,652,0,0
1679645242342,712,home_page,200,OK,Thread Group 1-6,text,true,,8200,114,11,11,https://flooded.io/,712,0,125
1679645243196,563,home_page,200,OK,Thread Group 1-1,text,true,,8200,114,12,12,https://flooded.io/,563,0,0
1679645243434,918,home_page,200,OK,Thread Group 1-8,text,true,,8200,114,13,13,https://flooded.io/,918,0,117
1679645244711,570,home_page,200,OK,Thread Group 1-4,text,true,,8200,114,15,15,https://flooded.io/,570,0,0
1679645244846,557,home_page,200,OK,Thread Group 1-2,text,true,,8200,114,15,15,https://flooded.io/,557,0,0
1679645244854,853,home_page,200,OK,Thread Group 1-10,text,true,,8200,114,15,15,https://flooded.io/,853,0,127
1679645245523,713,home_page,200,OK,Thread Group 1-3,text,true,,8200,114,16,16,https://flooded.io/,713,0,0
1679645246408,568,home_page,200,OK,Thread Group 1-3,text,true,,8200,114,17,17,https://flooded.io/,568,0,0
1679645246366,678,home_page,200,OK,Thread Group 1-9,text,true,,8200,114,17,17,https://flooded.io/,678,0,109
1679645247149,665,home_page,200,OK,Thread Group 1-6,text,true,,8200,114,19,19,https://flooded.io/,665,0,0
1679645247176,638,home_page,200,OK,Thread Group 1-3,text,true,,8200,114,19,19,https://flooded.io/,638,0,0
1679645247241,693,home_page,200,OK,Thread Group 1-17,text,true,,8200,114,19,19,https://flooded.io/,693,0,122
1679645247499,1253,home_page,200,OK,Thread Group 1-16,text,true,,8200,114,20,20,https://flooded.io/,1253,0,116
1679645247652,1146,home_page,200,OK,Thread Group 1-15,text,true,,8200,114,20,20,https://flooded.io/,1146,0,126
1679645247672,1141,home_page,200,OK,Thread Group 1-13,text,true,,8200,114,20,20,https://flooded.io/,1141,0,118
1679645248229,644,home_page,200,OK,Thread Group 1-2,text,true,,8200,114,21,21,https://flooded.io/,644,0,0
1679645248831,755,home_page,200,OK,Thread Group 1-8,text,true,,8200,114,22,22,https://flooded.io/,755,0,0
1679645248793,793,home_page,200,OK,Thread Group 1-11,text,true,,8200,114,22,22,https://flooded.io/,793,0,118
1679645249015,619,home_page,200,OK,Thread Group 1-2,text,true,,8200,114,22,22,https://flooded.io/,619,0,0
1679645248940,826,home_page,200,OK,Thread Group 1-5,text,true,,8200,114,22,22,https://flooded.io/,825,0,121
1679645249384,1131,home_page,200,OK,Thread Group 1-13,text,true,,8200,114,23,23,https://flooded.io/,1130,0,0
1679645250189,727,home_page,200,OK,Thread Group 1-17,text,true,,8200,114,24,24,https://flooded.io/,727,0,0
1679645249603,1413,home_page,200,OK,Thread Group 1-8,text,true,,8200,114,24,24,https://flooded.io/,1413,0,0
1679645250579,729,home_page,200,OK,Thread Group 1-14,text,true,,8200,114,25,25,https://flooded.io/,729,0,144
1679645250560,873,home_page,200,OK,Thread Group 1-11,text,true,,8200,114,25,25,https://flooded.io/,873,0,0
1679645251293,689,home_page,200,OK,Thread Group 1-15,text,true,,8200,114,26,26,https://flooded.io/,689,0,0
1679645251170,828,home_page,200,OK,Thread Group 1-23,text,true,,8200,114,26,26,https://flooded.io/,828,0,133
1679645251753,903,home_page,200,OK,Thread Group 1-7,text,true,,8200,114,27,27,https://flooded.io/,903,0,140
1679645252052,766,home_page,200,OK,Thread Group 1-4,text,true,,8200,114,27,27,https://flooded.io/,766,0,0
1679645252260,611,home_page,200,OK,Thread Group 1-1,text,true,,8200,114,27,27,https://flooded.io/,611,0,0
1679645252106,765,home_page,200,OK,Thread Group 1-15,text,true,,8200,114,27,27,https://flooded.io/,765,0,0
1679645252387,669,home_page,200,OK,Thread Group 1-14,text,true,,8200,114,28,28,https://flooded.io/,669,0,0
1679645252978,572,home_page,200,OK,Thread Group 1-17,text,true,,8200,114,28,28,https://flooded.io/,572,0,0
1679645252484,1632,home_page,200,OK,Thread Group 1-22,text,true,,8200,114,29,29,https://flooded.io/,1632,0,797
1679645253705,674,home_page,200,OK,Thread Group 1-29,text,true,,8200,114,30,30,https://flooded.io/,674,0,121
1679645253777,693,home_page,200,OK,Thread Group 1-26,text,true,,8200,114,30,30,https://flooded.io/,693,0,133
1679645253830,674,home_page,200,OK,Thread Group 1-18,text,true,,8200,114,30,30,https://flooded.io/,674,0,116
1679645254021,710,home_page,200,OK,Thread Group 1-12,text,true,,8200,114,30,30,https://flooded.io/,709,0,108
1679645254225,557,home_page,200,OK,Thread Group 1-13,text,true,,8200,114,30,30,https://flooded.io/,557,0,0
1679645254487,614,home_page,200,OK,Thread Group 1-9,text,true,,8200,114,31,31,https://flooded.io/,614,0,0
1679645254459,690,home_page,200,OK,Thread Group 1-24,text,true,,8200,114,31,31,https://flooded.io/,690,0,112
1679645254429,763,home_page,200,OK,Thread Group 1-27,text,true,,8200,114,31,31,https://flooded.io/,763,0,105
1679645254663,561,home_page,200,OK,Thread Group 1-18,text,true,,8200,114,31,31,https://flooded.io/,561,0,0
1679645254248,1256,home_page,200,OK,Thread Group 1-5,text,true,,8200,114,32,32,https://flooded.io/,1255,0,0
1679645254969,561,home_page,200,OK,Thread Group 1-7,text,true,,8200,114,32,32,https://flooded.io/,561,0,0
1679645254292,1249,home_page,200,OK,Thread Group 1-15,text,true,,8200,114,32,32,https://flooded.io/,1249,0,0
1679645254231,1375,home_page,200,OK,Thread Group 1-28,text,true,,8200,114,32,32,https://flooded.io/,1375,0,803
1679645254252,1382,home_page,200,OK,Thread Group 1-30,text,true,,8200,114,32,32,https://flooded.io/,1382,0,825
1679645255202,572,home_page,200,OK,Thread Group 1-2,text,true,,8200,114,32,32,https://flooded.io/,572,0,0
1679645255112,688,home_page,200,OK,Thread Group 1-19,text,true,,8200,114,32,32,https://flooded.io/,688,0,124
1679645255194,649,home_page,200,OK,Thread Group 1-26,text,true,,8200,114,32,32,https://flooded.io/,649,0,0
1679645254607,1241,home_page,200,OK,Thread Group 1-8,text,true,,8200,114,32,32,https://flooded.io/,1241,0,0
1679645255422,585,home_page,200,OK,Thread Group 1-23,text,true,,8200,114,32,32,https://flooded.io/,585,0,0
1679645255462,558,home_page,200,OK,Thread Group 1-16,text,true,,8200,114,32,32,https://flooded.io/,558,0,0
1679645255670,682,home_page,200,OK,Thread Group 1-21,text,true,,8200,114,33,33,https://flooded.io/,682,0,120
1679645255808,559,home_page,200,OK,Thread Group 1-7,text,true,,8200,114,32,32,https://flooded.io/,559,0,0
1679645255929,567,home_page,200,OK,Thread Group 1-22,text,true,,8200,114,32,32,https://flooded.io/,567,0,0
1679645256007,558,home_page,200,OK,Thread Group 1-3,text,true,,8200,114,32,32,https://flooded.io/,558,0,0
1679645256025,571,home_page,200,OK,Thread Group 1-16,text,true,,8200,114,32,32,https://flooded.io/,571,0,0
1679645255911,724,home_page,200,OK,Thread Group 1-20,text,true,,8200,114,32,32,https://flooded.io/,724,0,134
1679645256205,552,home_page,200,OK,Thread Group 1-28,text,true,,8200,114,33,33,https://flooded.io/,552,0,0
1679645256313,561,home_page,200,OK,Thread Group 1-24,text,true,,8200,114,33,33,https://flooded.io/,561,0,0
1679645256398,562,home_page,200,OK,Thread Group 1-8,text,true,,8200,114,33,33,https://flooded.io/,561,0,0
1679645256414,552,home_page,200,OK,Thread Group 1-30,text,true,,8200,114,33,33,https://flooded.io/,552,0,0
1679645256578,565,home_page,200,OK,Thread Group 1-5,text,true,,8200,114,33,33,https://flooded.io/,565,0,0
1679645256811,622,home_page,200,OK,Thread Group 1-16,text,true,,8200,114,34,34,https://flooded.io/,622,0,0
1679645256870,580,home_page,200,OK,Thread Group 1-27,text,true,,8200,114,34,34,https://flooded.io/,580,0,0
1679645256779,703,home_page,200,OK,Thread Group 1-31,text,true,,8200,114,34,34,https://flooded.io/,703,0,119
1679645257070,579,home_page,200,OK,Thread Group 1-12,text,true,,8200,114,34,34,https://flooded.io/,579,0,0
1679645257328,565,home_page,200,OK,Thread Group 1-7,text,true,,8200,114,34,34,https://flooded.io/,565,0,0
1679645257317,627,home_page,200,OK,Thread Group 1-9,text,true,,8200,114,34,34,https://flooded.io/,626,0,0
1679645257604,692,home_page,200,OK,Thread Group 1-34,text,true,,8200,114,34,34,https://flooded.io/,692,0,124
1679645257846,624,home_page,200,OK,Thread Group 1-18,text,true,,8200,114,35,35,https://flooded.io/,624,0,0
1679645257855,708,home_page,200,OK,Thread Group 1-35,text,true,,8200,114,35,35,https://flooded.io/,708,0,135
1679645258149,556,home_page,200,OK,Thread Group 1-20,text,true,,8200,114,35,35,https://flooded.io/,556,0,0
1679645258296,563,home_page,200,OK,Thread Group 1-28,text,true,,8200,114,34,34,https://flooded.io/,563,0,0
1679645258351,566,home_page,200,OK,Thread Group 1-10,text,true,,8200,114,34,34,https://flooded.io/,566,0,0
1679645258359,565,home_page,200,OK,Thread Group 1-29,text,true,,8200,114,34,34,https://flooded.io/,564,0,0
1679645258413,564,home_page,200,OK,Thread Group 1-30,text,true,,8200,114,34,34,https://flooded.io/,564,0,0
1679645258341,682,home_page,200,OK,Thread Group 1-33,text,true,,8200,114,34,34,https://flooded.io/,682,0,125
1679645258378,697,home_page,200,OK,Thread Group 1-32,text,true,,8200,114,34,34,https://flooded.io/,697,0,111
1679645258637,555,home_page,200,OK,Thread Group 1-4,text,true,,8200,114,34,34,https://flooded.io/,555,0,0
1679645258600,685,home_page,200,OK,Thread Group 1-37,text,true,,8200,114,34,34,https://flooded.io/,685,0,113
1679645258835,649,home_page,200,OK,Thread Group 1-27,text,true,,8200,114,34,34,https://flooded.io/,649,0,0
1679645258973,561,home_page,200,OK,Thread Group 1-24,text,true,,8200,114,34,34,https://flooded.io/,561,0,0
1679645259261,573,home_page,200,OK,Thread Group 1-33,text,true,,8200,114,34,34,https://flooded.io/,573,0,0
1679645259287,578,home_page,200,OK,Thread Group 1-22,text,true,,8200,114,34,34,https://flooded.io/,578,0,0
1679645259313,576,home_page,200,OK,Thread Group 1-30,text,true,,8200,114,33,33,https://flooded.io/,576,0,0
1679645259456,579,home_page,200,OK,Thread Group 1-2,text,true,,8200,114,33,33,https://flooded.io/,579,0,0
1679645259588,600,home_page,200,OK,Thread Group 1-11,text,true,,8200,114,33,33,https://flooded.io/,600,0,0
1679645259686,597,home_page,200,OK,Thread Group 1-37,text,true,,8200,114,33,33,https://flooded.io/,597,0,0
1679645259617,710,home_page,200,OK,Thread Group 1-25,text,true,,8200,114,33,33,https://flooded.io/,710,0,120
1679645259761,570,home_page,200,OK,Thread Group 1-19,text,true,,8200,114,33,33,https://flooded.io/,570,0,0
1679645259858,555,home_page,200,OK,Thread Group 1-3,text,true,,8200,114,33,33,https://flooded.io/,555,0,0
1679645259966,585,home_page,200,OK,Thread Group 1-16,text,true,,8200,114,33,33,https://flooded.io/,585,0,0
1679645260023,563,home_page,200,OK,Thread Group 1-6,text,true,,8200,114,32,32,https://flooded.io/,563,0,0
1679645260516,593,home_page,200,OK,Thread Group 1-33,text,true,,8200,114,33,33,https://flooded.io/,593,0,0
1679645260691,644,home_page,200,OK,Thread Group 1-1,text,true,,8200,114,33,33,https://flooded.io/,644,0,0
1679645260788,569,home_page,200,OK,Thread Group 1-32,text,true,,8200,114,33,33,https://flooded.io/,569,0,0
1679645260807,585,home_page,200,OK,Thread Group 1-34,text,true,,8200,114,33,33,https://flooded.io/,585,0,0
1679645261166,559,home_page,200,OK,Thread Group 1-9,text,true,,8200,114,32,32,https://flooded.io/,559,0,0
1679645261239,656,home_page,200,OK,Thread Group 1-2,text,true,,8200,114,32,32,https://flooded.io/,656,0,0
1679645261376,560,home_page,200,OK,Thread Group 1-3,text,true,,8200,114,32,32,https://flooded.io/,560,0,0
1679645261520,564,home_page,200,OK,Thread Group 1-33,text,true,,8200,114,33,33,https://flooded.io/,564,0,0
1679645261769,583,home_page,200,OK,Thread Group 1-4,text,true,,8200,114,32,32,https://flooded.io/,583,0,0
1679645261741,680,home_page,200,OK,Thread Group 1-40,text,true,,8200,114,32,32,https://flooded.io/,680,0,116
1679645262036,655,home_page,200,OK,Thread Group 1-13,text,true,,8200,114,33,33,https://flooded.io/,655,0,0
1679645262183,593,home_page,200,OK,Thread Group 1-14,text,true,,8200,114,33,33,https://flooded.io/,593,0,0
1679645262300,613,home_page,200,OK,Thread Group 1-30,text,true,,8200,114,32,32,https://flooded.io/,613,0,0
1679645262367,578,home_page,200,OK,Thread Group 1-17,text,true,,8200,114,32,32,https://flooded.io/,578,0,0
1679645262613,556,home_page,200,OK,Thread Group 1-12,text,true,,8200,114,31,31,https://flooded.io/,556,0,0
1679645262577,722,home_page,200,OK,Thread Group 1-41,text,true,,8200,114,31,31,https://flooded.io/,722,0,127
1679645262786,567,home_page,200,OK,Thread Group 1-26,text,true,,8200,114,30,30,https://flooded.io/,567,0,0
1679645263404,648,home_page,200,OK,Thread Group 1-4,text,true,,8200,114,30,30,https://flooded.io/,648,0,0
1679645263462,690,home_page,200,OK,Thread Group 1-2,text,true,,8200,114,29,29,https://flooded.io/,690,0,0
1679645263484,669,home_page,200,OK,Thread Group 1-23,text,true,,8200,114,29,29,https://flooded.io/,669,0,0
1679645263209,995,home_page,200,OK,Thread Group 1-32,text,true,,8200,114,28,28,https://flooded.io/,995,0,0
1679645263161,1043,home_page,200,OK,Thread Group 1-7,text,true,,8200,114,28,28,https://flooded.io/,1043,0,0
1679645263258,955,home_page,200,OK,Thread Group 1-12,text,true,,8200,114,27,27,https://flooded.io/,955,0,0
1679645263297,923,home_page,200,OK,Thread Group 1-10,text,true,,8200,114,27,27,https://flooded.io/,923,0,0
1679645263391,849,home_page,200,OK,Thread Group 1-27,text,true,,8200,114,26,26,https://flooded.io/,848,0,0
1679645263918,566,home_page,200,OK,Thread Group 1-3,text,true,,8200,114,26,26,https://flooded.io/,565,0,0
1679645263872,842,home_page,200,OK,Thread Group 1-43,text,true,,8200,114,25,25,https://flooded.io/,841,0,122
1679645264137,727,home_page,200,OK,Thread Group 1-40,text,true,,8200,114,25,25,https://flooded.io/,727,0,0
1679645264242,635,home_page,200,OK,Thread Group 1-8,text,true,,8200,114,24,24,https://flooded.io/,635,0,0
1679645264216,728,home_page,200,OK,Thread Group 1-44,text,true,,8200,114,23,23,https://flooded.io/,728,0,121
1679645264325,619,home_page,200,OK,Thread Group 1-23,text,true,,8200,114,23,23,https://flooded.io/,619,0,0
1679645264434,563,home_page,200,OK,Thread Group 1-24,text,true,,8200,114,21,21,https://flooded.io/,563,0,0
1679645264556,556,home_page,200,OK,Thread Group 1-30,text,true,,8200,114,20,20,https://flooded.io/,556,0,0
1679645264592,575,home_page,200,OK,Thread Group 1-9,text,true,,8200,114,20,20,https://flooded.io/,575,0,0
1679645264636,559,home_page,200,OK,Thread Group 1-13,text,true,,8200,114,19,19,https://flooded.io/,559,0,0
1679645264761,565,home_page,200,OK,Thread Group 1-25,text,true,,8200,114,18,18,https://flooded.io/,565,0,0
1679645264898,655,home_page,200,OK,Thread Group 1-5,text,true,,8200,114,17,17,https://flooded.io/,655,0,0
1679645265006,563,home_page,200,OK,Thread Group 1-29,text,true,,8200,114,16,16,https://flooded.io/,563,0,0
1679645265107,560,home_page,200,OK,Thread Group 1-1,text,true,,8200,114,16,16,https://flooded.io/,560,0,0
1679645265112,560,home_page,200,OK,Thread Group 1-12,text,true,,8200,114,15,15,https://flooded.io/,560,0,0
1679645265365,577,home_page,200,OK,Thread Group 1-31,text,true,,8200,114,15,15,https://flooded.io/,577,0,0
1679645265186,756,home_page,200,OK,Thread Group 1-47,text,true,,8200,114,15,15,https://flooded.io/,756,0,123
1679645265583,561,home_page,200,OK,Thread Group 1-28,text,true,,8200,114,13,13,https://flooded.io/,561,0,0
1679645265624,555,home_page,200,OK,Thread Group 1-7,text,true,,8200,114,12,12,https://flooded.io/,555,0,0
1679645265561,660,home_page,200,OK,Thread Group 1-43,text,true,,8200,114,11,11,https://flooded.io/,660,0,0
1679645265684,553,home_page,200,OK,Thread Group 1-12,text,true,,8200,114,10,10,https://flooded.io/,553,0,0
1679645265770,572,home_page,200,OK,Thread Group 1-35,text,true,,8200,114,10,10,https://flooded.io/,572,0,0
1679645265793,575,home_page,200,OK,Thread Group 1-37,text,true,,8200,114,9,9,https://flooded.io/,575,0,0
1679645265773,651,home_page,200,OK,Thread Group 1-29,text,true,,8200,114,8,8,https://flooded.io/,651,0,0
1679645265865,559,home_page,200,OK,Thread Group 1-6,text,true,,8200,114,8,8,https://flooded.io/,559,0,0
1679645266238,630,home_page,200,OK,Thread Group 1-18,text,true,,8200,114,6,6,https://flooded.io/,630,0,0
1679645266251,624,home_page,200,OK,Thread Group 1-15,text,true,,8200,114,5,5,https://flooded.io/,624,0,0
1679645266466,583,home_page,200,OK,Thread Group 1-30,text,true,,8200,114,4,4,https://flooded.io/,583,0,0
1679645266552,560,home_page,200,OK,Thread Group 1-12,text,true,,8200,114,3,3,https://flooded.io/,560,0,0
1679645266556,564,home_page,200,OK,Thread Group 1-26,text,true,,8200,114,2,2,https://flooded.io/,564,0,0
1679645266853,560,home_page,200,OK,Thread Group 1-19,text,true,,8200,114,1,1,https://flooded.io/,560,0,0
